"last_name, first_name",player_id,year,player_age,ab,hit,single,double,triple,home_run,strikeout,walk,batting_avg,slg_percent,on_base_percent,on_base_plus_slg,xba,xslg,xobp,xiso,exit_velocity_avg,launch_angle_avg,salary
"Abrams, CJ",682928,2023,22,563,138,86,28,6,18,118,32,0.245,0.412,0.3,0.712,0.247,0.399,0.301,0.152,87.4,13.5,724200
"Abreu, José",547989,2023,36,540,128,86,23,1,18,130,42,0.237,0.383,0.296,0.679,0.248,0.409,0.311,0.161,89,10.8,19500000
"Abreu, José",547989,2022,35,601,183,128,40,0,15,110,62,0.304,0.446,0.378,0.824,0.296,0.486,0.372,0.19,92.2,8,19666668
"Acuña Jr., Ronald",660670,2023,25,643,217,137,35,4,41,84,80,0.337,0.596,0.416,1.012,0.357,0.66,0.435,0.303,94.7,7.4,17000000
"Acuña Jr., Ronald",660670,2022,24,467,124,85,24,0,15,126,53,0.266,0.413,0.351,0.764,0.272,0.484,0.358,0.212,91.2,10.8,15000000
"Adames, Willy",642715,2023,27,553,120,65,29,2,24,165,71,0.217,0.407,0.31,0.717,0.24,0.436,0.332,0.196,87.4,18.2,8700000
"Adames, Willy",642715,2022,26,563,134,72,31,0,31,166,49,0.238,0.458,0.298,0.756,0.238,0.451,0.299,0.213,88.9,18.9,4600000
"Aguilar, Jesús",542583,2022,32,464,109,74,19,0,16,119,28,0.235,0.379,0.281,0.66,0.24,0.393,0.288,0.153,87.7,19.1,700000
"Albies, Ozzie",645277,2023,26,596,167,99,30,5,33,107,46,0.28,0.513,0.336,0.849,0.266,0.467,0.325,0.201,88.7,16.6,7000000
"Alonso, Pete",624413,2023,28,568,123,54,21,2,46,151,65,0.217,0.504,0.318,0.822,0.246,0.527,0.343,0.281,89.5,18.2,14500000
"Alonso, Pete",624413,2022,27,597,162,95,27,0,40,128,67,0.271,0.518,0.352,0.87,0.262,0.486,0.345,0.225,89.8,18.2,7400000
"Altuve, Jose",514888,2022,32,527,158,91,39,0,28,87,66,0.3,0.533,0.387,0.92,0.269,0.44,0.362,0.171,85.9,16.1,29000000
"Alvarez, Yordan",670541,2022,25,470,144,76,29,2,37,106,78,0.306,0.613,0.406,1.019,0.329,0.672,0.43,0.343,95.2,12.3,764600
"Anderson, Tim",641313,2023,30,493,121,100,18,2,1,122,26,0.245,0.296,0.286,0.582,0.258,0.341,0.3,0.083,87.8,2,12500000
"Andrus, Elvis",462101,2022,33,535,133,84,32,0,17,92,39,0.249,0.404,0.303,0.707,0.245,0.36,0.3,0.114,87.9,11.9,700000
"Arcia, Orlando",606115,2023,28,488,129,87,25,0,17,102,39,0.264,0.42,0.321,0.741,0.247,0.398,0.306,0.152,88.2,5.4,2300000
"Arenado, Nolan",571448,2023,32,560,149,95,26,2,26,101,41,0.266,0.459,0.315,0.774,0.266,0.435,0.316,0.17,88.8,16.9,35025000
"Arenado, Nolan",571448,2022,31,557,163,90,42,1,30,72,52,0.293,0.533,0.358,0.891,0.266,0.445,0.335,0.18,88.8,21.7,35075000
"Arozarena, Randy",668227,2023,28,551,140,95,19,3,23,156,80,0.254,0.425,0.364,0.789,0.243,0.435,0.359,0.192,91.7,11.3,4150000
"Arozarena, Randy",668227,2022,27,586,154,90,41,3,20,156,46,0.263,0.445,0.327,0.772,0.234,0.382,0.301,0.148,89.9,8.8,716600
"Arraez, Luis",650333,2023,26,574,203,160,30,3,10,34,35,0.354,0.469,0.393,0.862,0.329,0.458,0.371,0.129,88.3,11.5,6100000
"Arraez, Luis",650333,2022,25,547,173,133,31,1,8,43,50,0.316,0.42,0.375,0.795,0.288,0.408,0.35,0.121,88.9,12.9,2125000
"Báez, Javier",595879,2023,30,510,113,82,18,4,9,125,24,0.222,0.325,0.267,0.592,0.234,0.355,0.28,0.121,88,9.4,22000000
"Báez, Javier",595879,2022,29,555,132,84,27,4,17,147,26,0.238,0.393,0.278,0.671,0.226,0.374,0.268,0.148,87.9,9.6,20000000
"Bell, Josh",605137,2023,30,547,135,85,28,0,22,134,63,0.247,0.419,0.325,0.744,0.263,0.457,0.341,0.194,90.1,9.3,16500000
"Bell, Josh",605137,2022,29,552,147,98,29,3,17,102,81,0.266,0.422,0.362,0.784,0.273,0.424,0.369,0.151,88.9,8.4,10000000
"Bellinger, Cody",641355,2023,27,499,153,97,29,1,26,87,40,0.307,0.525,0.356,0.881,0.268,0.434,0.326,0.165,87.9,17.2,12000000
"Bellinger, Cody",641355,2022,26,504,106,57,27,3,19,150,38,0.21,0.389,0.265,0.654,0.213,0.354,0.271,0.141,89.4,20.3,17000000
"Benintendi, Andrew",643217,2023,28,562,147,106,34,2,5,89,52,0.262,0.356,0.326,0.682,0.27,0.375,0.334,0.105,86.6,14.5,8600000
"Benintendi, Andrew",643217,2022,27,461,140,109,23,3,5,77,52,0.304,0.399,0.373,0.772,0.273,0.407,0.347,0.134,89.2,12.6,8500000
"Betts, Mookie",605141,2023,30,584,179,99,40,1,39,107,96,0.307,0.579,0.408,0.987,0.294,0.563,0.399,0.268,92.4,20.6,25000000
"Betts, Mookie",605141,2022,29,572,154,76,40,3,35,104,55,0.269,0.533,0.34,0.873,0.254,0.465,0.327,0.211,90.5,18.6,22500000
"Bichette, Bo",666182,2023,25,571,175,122,30,3,20,115,27,0.306,0.475,0.339,0.814,0.312,0.502,0.345,0.19,90.2,6.2,3933333
"Bichette, Bo",666182,2022,24,652,189,121,43,1,24,155,41,0.29,0.469,0.333,0.802,0.278,0.444,0.322,0.166,91.9,8.5,825000
"Blackmon, Charlie",453568,2022,35,530,140,96,22,6,16,109,32,0.264,0.419,0.314,0.733,0.256,0.376,0.308,0.12,86.2,12.4,21333333
"Bogaerts, Xander",593428,2023,30,596,170,118,31,2,19,110,56,0.285,0.44,0.35,0.79,0.255,0.401,0.325,0.146,87.6,7.9,25454545
"Bogaerts, Xander",593428,2022,29,557,171,118,38,0,15,118,57,0.307,0.456,0.377,0.833,0.259,0.383,0.338,0.124,88.1,10.2,20000000
"Bohm, Alec",664761,2023,26,558,153,102,31,0,20,94,42,0.274,0.437,0.327,0.764,0.29,0.453,0.342,0.163,89.4,11.1,748000
"Bohm, Alec",664761,2022,25,586,164,124,24,3,13,110,31,0.28,0.398,0.315,0.713,0.29,0.436,0.327,0.146,90.2,10.4,715000
"Bregman, Alex",608324,2023,29,622,163,106,28,4,25,87,92,0.262,0.441,0.363,0.804,0.266,0.43,0.368,0.163,88.6,17.6,30500000
"Bregman, Alex",608324,2022,28,548,142,81,38,0,23,77,87,0.259,0.454,0.366,0.82,0.257,0.416,0.369,0.159,88.9,19.5,13000000
"Brown, Seth",664913,2022,29,500,115,61,26,3,25,146,51,0.23,0.444,0.305,0.749,0.251,0.454,0.324,0.203,89.2,15.8,705000
"Burger, Jake",669394,2023,27,492,123,60,28,1,34,149,32,0.25,0.518,0.309,0.827,0.27,0.512,0.329,0.242,91.9,12.3,720000
"Candelario, Jeimer",600869,2023,29,505,127,63,39,3,22,127,53,0.251,0.471,0.336,0.807,0.236,0.407,0.323,0.171,88.3,14.1,5800000
"Canha, Mark",592192,2023,34,435,114,77,25,1,11,79,49,0.262,0.4,0.355,0.755,0.248,0.381,0.345,0.133,87.9,13.1,10500000
"Canha, Mark",592192,2022,33,462,123,86,24,0,13,97,48,0.266,0.403,0.367,0.77,0.245,0.362,0.351,0.117,87.7,10.9,12666666
"Carroll, Corbin",682998,2023,22,565,161,96,30,10,25,125,57,0.285,0.506,0.362,0.868,0.268,0.441,0.348,0.173,90,11,1625000
"Castellanos, Nick",592206,2023,31,626,170,102,37,2,29,185,36,0.272,0.476,0.311,0.787,0.258,0.443,0.301,0.185,88.9,14.4,20000000
"Castellanos, Nick",592206,2022,30,524,138,98,27,0,13,130,29,0.263,0.389,0.305,0.694,0.25,0.395,0.293,0.145,87.5,14.6,20000000
"Chapman, Matt",656305,2023,30,509,122,64,39,2,17,165,62,0.24,0.424,0.33,0.754,0.23,0.457,0.323,0.228,93.4,18.5,12500000
"Chapman, Matt",656305,2022,29,538,123,68,27,1,27,170,68,0.229,0.433,0.324,0.757,0.234,0.44,0.331,0.206,92.2,19,12500000
"Contreras, William",661388,2023,25,540,156,100,38,1,17,126,63,0.289,0.457,0.367,0.824,0.255,0.433,0.338,0.179,91.3,4.7,739000
"Correa, Carlos",621043,2023,28,514,118,69,29,2,18,131,59,0.23,0.399,0.312,0.711,0.253,0.421,0.335,0.168,90.4,10.6,33333333
"Correa, Carlos",621043,2022,27,522,152,105,24,1,22,121,61,0.291,0.467,0.366,0.833,0.276,0.484,0.353,0.208,89.9,11.6,35100000
"Crawford, J.P.",641487,2023,28,534,142,88,35,0,19,125,94,0.266,0.438,0.38,0.818,0.26,0.384,0.375,0.124,88.3,15.1,11000000
"Crawford, J.P.",641487,2022,27,518,126,93,24,3,6,80,68,0.243,0.336,0.339,0.675,0.255,0.337,0.353,0.081,85.1,8.9,6000000
"Cron, C.J.",543068,2022,32,575,148,88,28,3,29,164,43,0.257,0.468,0.315,0.783,0.243,0.435,0.305,0.192,88.7,14.2,7250000
"Cronenworth, Jake",630105,2023,29,458,105,64,24,7,10,97,46,0.229,0.378,0.312,0.69,0.238,0.37,0.321,0.131,87.4,15.2,4225000
"Cronenworth, Jake",630105,2022,28,587,140,89,30,4,17,131,70,0.239,0.39,0.332,0.722,0.221,0.356,0.319,0.135,87.6,18.2,757200
"Cruz Jr., Nelson",443558,2022,41,448,105,79,16,0,10,119,49,0.234,0.337,0.313,0.65,0.241,0.399,0.323,0.157,90.9,7.2,12000000
"Davis, J.D.",605204,2023,30,480,119,77,23,1,18,152,52,0.248,0.412,0.325,0.737,0.248,0.415,0.328,0.168,91.1,7.8,4210000
"De La Cruz, Bryan",650559,2023,26,579,149,98,32,0,19,142,40,0.257,0.411,0.304,0.715,0.273,0.445,0.321,0.172,89.9,11.8,736000
"Devers, Rafael",646240,2023,26,580,157,90,34,0,33,126,62,0.271,0.5,0.351,0.851,0.282,0.539,0.363,0.257,93.1,12.4,19318182
"Devers, Rafael",646240,2022,25,555,164,94,42,1,27,114,50,0.295,0.521,0.358,0.879,0.282,0.497,0.348,0.215,93.1,11.3,11200000
"Díaz, Elias",553869,2023,32,486,130,90,25,1,14,118,34,0.267,0.409,0.316,0.725,0.245,0.376,0.297,0.131,88.1,12.7,5500000
"Díaz, Yandy",650490,2023,31,525,173,116,35,0,22,94,65,0.33,0.522,0.41,0.932,0.305,0.487,0.391,0.182,93.4,5.7,6000000
"Díaz, Yandy",650490,2022,30,473,140,98,33,0,9,60,78,0.296,0.423,0.401,0.824,0.288,0.424,0.395,0.137,92.2,7.7,2800000
"Donaldson, Josh",518626,2022,36,478,106,63,28,0,15,148,54,0.222,0.374,0.308,0.682,0.215,0.37,0.303,0.154,90.7,12,23000000
"Drury, Brandon",592273,2023,30,485,127,68,30,3,26,136,25,0.262,0.497,0.306,0.803,0.252,0.44,0.299,0.188,89.9,11.8,8500000
"Drury, Brandon",592273,2022,29,518,136,75,31,2,28,126,38,0.263,0.492,0.32,0.812,0.242,0.42,0.303,0.179,89.1,13.8,900000
"Edman, Tommy",669242,2023,28,479,119,77,25,4,13,84,35,0.248,0.399,0.307,0.706,0.262,0.39,0.321,0.128,89.1,7.5,4200000
"Edman, Tommy",669242,2022,27,577,153,105,31,4,13,111,46,0.265,0.4,0.324,0.724,0.258,0.38,0.318,0.122,88.6,8.7,722900
"Escobar, Eduardo",500871,2022,33,495,119,69,26,4,20,129,40,0.24,0.43,0.295,0.725,0.243,0.427,0.3,0.183,88.3,20.6,10000000
"Estrada, Thairo",642731,2023,27,495,134,92,26,2,14,120,22,0.271,0.416,0.315,0.731,0.248,0.371,0.296,0.123,85.9,10.8,2250000
"Estrada, Thairo",642731,2022,26,488,127,89,22,2,14,89,33,0.26,0.4,0.322,0.722,0.246,0.352,0.312,0.107,86.2,8.1,715000
"Farmer, Kyle",571657,2022,31,526,134,94,25,1,14,99,33,0.255,0.386,0.315,0.701,0.258,0.38,0.32,0.122,85.5,12.7,3155000
"Flores, Wilmer",527038,2022,30,525,120,72,28,1,19,103,59,0.229,0.394,0.316,0.71,0.233,0.37,0.322,0.137,87.8,20.7,3500000
"France, Ty",664034,2023,28,587,147,103,32,0,12,117,43,0.25,0.366,0.337,0.703,0.27,0.42,0.354,0.151,87.5,13.7,4100000
"France, Ty",664034,2022,27,551,151,103,27,1,20,94,35,0.274,0.436,0.338,0.774,0.262,0.397,0.33,0.135,87.6,10,734500
"Frazier, Adam",624428,2022,30,541,129,100,22,4,3,73,46,0.238,0.311,0.301,0.612,0.262,0.339,0.324,0.077,85.1,13.6,8000000
"Freeman, Freddie",518692,2023,33,637,211,121,59,2,29,121,72,0.331,0.567,0.41,0.977,0.323,0.565,0.403,0.243,90,15.2,27000000
"Freeman, Freddie",518692,2022,32,612,199,129,47,2,21,102,84,0.325,0.511,0.407,0.918,0.313,0.538,0.4,0.225,91.3,13.6,27000000
"Friedl Jr., TJ",670770,2023,27,488,136,88,22,8,18,90,47,0.279,0.467,0.352,0.819,0.24,0.321,0.318,0.082,86.7,16.1,722500
"García, Adolis",666969,2023,30,555,136,68,29,0,39,175,65,0.245,0.508,0.328,0.836,0.25,0.526,0.334,0.276,92.1,15.7,747760
"García, Adolis",666969,2022,29,605,151,85,34,5,27,183,40,0.25,0.456,0.3,0.756,0.244,0.447,0.296,0.204,92.1,13.2,714000
"Garcia, Maikel",672580,2023,23,464,126,98,20,4,4,115,38,0.272,0.358,0.323,0.681,0.274,0.393,0.33,0.119,91.8,6.1,720000
"Giménez, Andrés",665926,2023,24,557,140,93,27,5,15,112,32,0.251,0.399,0.314,0.713,0.245,0.367,0.309,0.122,84.8,13.1,1571429
"Giménez, Andrés",665926,2022,23,491,146,100,26,3,17,112,34,0.297,0.466,0.371,0.837,0.257,0.4,0.336,0.143,87.8,11.7,706600
"Goldschmidt, Paul",502671,2023,35,593,159,103,31,0,25,161,87,0.268,0.447,0.363,0.81,0.271,0.491,0.366,0.22,91.3,12.8,26000000
"Goldschmidt, Paul",502671,2022,34,561,178,102,41,0,35,141,79,0.317,0.578,0.404,0.982,0.261,0.482,0.357,0.221,90.8,15.7,26300000
"Grichuk, Randal",545341,2022,30,506,131,88,21,3,19,127,24,0.259,0.425,0.299,0.724,0.229,0.37,0.271,0.141,90,8.7,10333333
"Grisham, Trent",663757,2023,26,469,93,48,31,1,13,154,75,0.198,0.352,0.315,0.667,0.218,0.396,0.332,0.178,90.3,18.3,3175000
"Grisham, Trent",663757,2022,25,451,83,48,16,2,17,150,57,0.184,0.341,0.284,0.625,0.205,0.358,0.303,0.153,88.3,15.1,729300
"Guerrero Jr., Vladimir",665489,2023,24,602,159,103,30,0,26,100,67,0.264,0.444,0.345,0.789,0.299,0.503,0.378,0.204,92.1,10.5,14500000
"Guerrero Jr., Vladimir",665489,2022,23,638,175,108,35,0,32,116,58,0.274,0.48,0.339,0.819,0.281,0.464,0.345,0.183,92.8,4.3,7900000
"Gurriel Jr., Lourdes",666971,2023,29,551,144,83,35,2,24,103,33,0.261,0.463,0.309,0.772,0.264,0.439,0.313,0.175,89.7,10.6,5828571
"Gurriel, Yuli",493329,2022,38,545,132,84,40,0,8,73,30,0.242,0.36,0.288,0.648,0.24,0.319,0.286,0.079,88.2,14.6,8000000
"Happ, Ian",664023,2023,28,580,144,84,35,4,21,153,99,0.248,0.431,0.36,0.791,0.254,0.427,0.368,0.173,89.9,13,10850000
"Happ, Ian",664023,2022,27,573,155,94,42,2,17,149,58,0.271,0.44,0.342,0.782,0.239,0.379,0.315,0.14,89.7,10.9,6850000
"Harper, Bryce",547180,2023,30,457,134,83,29,1,21,119,80,0.293,0.499,0.401,0.9,0.29,0.53,0.403,0.24,91.8,9.1,27538462
"Harris II, Michael",671739,2023,22,505,148,94,33,3,18,101,25,0.293,0.477,0.331,0.808,0.304,0.49,0.342,0.186,90.9,7.6,5000000
"Hayes, Ke'Bryan",663647,2023,26,494,134,81,31,7,15,104,28,0.271,0.453,0.309,0.762,0.273,0.44,0.313,0.167,92.2,13.2,10000000
"Hayes, Ke'Bryan",663647,2022,25,505,123,89,24,3,7,122,48,0.244,0.345,0.314,0.659,0.25,0.354,0.321,0.105,91,5.2,10000000
"Hays, Austin",669720,2023,27,520,143,89,36,2,16,141,38,0.275,0.444,0.325,0.769,0.242,0.42,0.296,0.178,89.4,10.4,3200000
"Hays, Austin",669720,2022,26,535,134,81,35,2,16,114,34,0.25,0.413,0.306,0.719,0.24,0.372,0.298,0.132,87.7,11.3,713000
"Henderson, Gunnar",683002,2023,22,560,143,77,29,9,28,159,56,0.255,0.489,0.325,0.814,0.261,0.472,0.331,0.212,92,11.4,723200
"Hernández, César",514917,2022,32,560,139,106,28,4,1,114,45,0.248,0.318,0.311,0.629,0.248,0.329,0.312,0.081,84.8,9.3,4500000
"Hernández, Enrique",571771,2023,31,465,110,76,23,0,11,97,34,0.237,0.357,0.289,0.646,0.224,0.337,0.28,0.113,87.8,17,10000000
"Hernández, Teoscar",606192,2023,30,625,161,104,29,2,26,211,38,0.258,0.435,0.305,0.74,0.258,0.476,0.308,0.218,91.3,12.3,14000000
"Hernández, Teoscar",606192,2022,29,499,133,72,35,1,25,152,34,0.267,0.491,0.316,0.807,0.265,0.501,0.314,0.236,92.6,11.6,10650000
"Hoerner, Nico",663538,2023,26,619,175,135,27,4,9,83,49,0.283,0.383,0.346,0.729,0.273,0.356,0.339,0.083,86.6,10.5,2525000
"Hoerner, Nico",663538,2022,25,481,135,98,22,5,10,57,28,0.281,0.41,0.327,0.737,0.27,0.367,0.318,0.097,87.2,10.6,720000
"Hoskins, Rhys",656555,2022,29,589,145,80,33,2,30,169,72,0.246,0.462,0.332,0.794,0.239,0.445,0.327,0.207,90.1,18.1,7700000
"India, Jonathan",663697,2023,26,454,111,71,23,0,17,109,52,0.244,0.407,0.338,0.745,0.252,0.424,0.348,0.172,89.5,15.2,760000
"Judge, Aaron",592450,2022,30,570,177,87,28,0,62,175,111,0.311,0.686,0.425,1.111,0.305,0.706,0.422,0.401,95.9,15,19000000
"Jung, Josh",673962,2023,25,478,127,78,25,1,23,151,30,0.266,0.467,0.315,0.782,0.26,0.482,0.309,0.222,91.8,15,721485
"Kemp, Tony",643393,2022,30,497,117,84,24,2,7,69,45,0.235,0.334,0.307,0.641,0.219,0.291,0.294,0.072,84.4,15,2250000
"Kim, Ha-Seong",673490,2023,27,538,140,100,23,0,17,124,75,0.26,0.398,0.351,0.749,0.245,0.359,0.339,0.114,86.2,13.6,7000000
"Kim, Ha-Seong",673490,2022,26,517,130,87,29,3,11,100,51,0.251,0.383,0.325,0.708,0.25,0.368,0.324,0.119,86.7,16.1,7000000
"Kiner-Falefa, Isiah",643396,2022,27,483,126,102,20,0,4,72,35,0.261,0.327,0.314,0.641,0.262,0.333,0.317,0.071,86.2,4.3,4700000
"Kirk, Alejandro",672386,2022,23,470,134,101,19,0,14,58,63,0.285,0.415,0.372,0.787,0.278,0.431,0.367,0.153,90.5,8.1,714000
"Kwan, Steven",680757,2023,25,638,171,123,36,7,5,75,70,0.268,0.37,0.34,0.71,0.282,0.358,0.353,0.076,86,10.7,727300
"Kwan, Steven",680757,2022,24,563,168,130,25,7,6,60,62,0.298,0.4,0.373,0.773,0.268,0.341,0.348,0.073,85.1,11.8,700000
"LeMahieu, DJ",518934,2023,34,497,121,81,22,3,15,125,60,0.243,0.39,0.327,0.717,0.255,0.393,0.339,0.138,89.6,3.8,0
"LeMahieu, DJ",518934,2022,33,467,122,92,18,0,12,71,67,0.261,0.377,0.357,0.734,0.274,0.403,0.369,0.13,89.2,3,15000000
"Lindor, Francisco",596019,2023,29,602,153,87,33,2,31,137,66,0.254,0.47,0.336,0.806,0.255,0.457,0.34,0.202,91.2,19.2,34100000
"Lindor, Francisco",596019,2022,28,630,170,114,25,5,26,133,59,0.27,0.449,0.339,0.788,0.254,0.427,0.326,0.173,89.3,13.8,34100000
"Lowe, Nathaniel",663993,2023,27,623,163,105,38,3,17,165,93,0.262,0.414,0.36,0.774,0.263,0.406,0.362,0.143,89.8,7.2,0
"Lowe, Nathaniel",663993,2022,26,593,179,123,26,3,27,147,48,0.302,0.492,0.358,0.85,0.275,0.459,0.333,0.184,90.2,8.2,716000
"Machado, Manny",592518,2023,30,543,140,89,21,0,30,109,50,0.258,0.462,0.319,0.781,0.258,0.461,0.321,0.204,91,15,17090909
"Machado, Manny",592518,2022,29,578,172,102,37,1,32,133,63,0.298,0.531,0.366,0.897,0.267,0.45,0.34,0.183,91.5,16,32000000
"Mancini III, Trey",641820,2022,30,519,124,82,23,1,18,135,53,0.239,0.391,0.319,0.71,0.245,0.41,0.328,0.165,89.5,12.7,7500000
"Marte, Ketel",606466,2023,29,569,157,97,26,9,25,109,71,0.276,0.485,0.358,0.843,0.266,0.427,0.353,0.161,91.1,10.7,11600000
"Marte, Ketel",606466,2022,28,492,118,62,42,2,12,101,55,0.24,0.407,0.321,0.728,0.251,0.377,0.333,0.126,90.1,13.5,8400000
"Marte, Starling",516782,2022,33,466,136,91,24,5,16,97,26,0.292,0.468,0.347,0.815,0.276,0.428,0.332,0.153,86.8,7.5,15750000
"Martinez, J.D.",502110,2022,34,533,146,86,43,1,16,145,52,0.274,0.448,0.341,0.789,0.26,0.471,0.33,0.211,89.1,14.1,19350000
"Mateo, Jorge",622761,2022,27,494,109,64,25,7,13,147,27,0.221,0.379,0.267,0.646,0.222,0.344,0.269,0.122,86.8,14.8,709500
"McCutchen, Andrew",457705,2022,35,515,122,80,25,0,17,124,57,0.237,0.384,0.316,0.7,0.252,0.406,0.329,0.155,89.1,13.2,8500000
"McKinstry, Zach",656716,2023,28,464,107,73,21,4,9,113,44,0.231,0.351,0.302,0.653,0.247,0.395,0.318,0.148,87.2,17.8,734500
"McMahon, Ryan",641857,2023,28,555,133,76,31,3,23,198,68,0.24,0.431,0.322,0.753,0.245,0.445,0.328,0.201,90.8,9.7,9000000
"McMahon, Ryan",641857,2022,27,529,130,84,23,3,20,158,60,0.246,0.414,0.327,0.741,0.247,0.423,0.329,0.175,91.7,10.8,5000000
"McNeil, Jeff",643446,2023,31,585,158,119,25,4,10,65,39,0.27,0.378,0.333,0.711,0.251,0.34,0.316,0.09,86,14.4,6250000
"McNeil, Jeff",643446,2022,30,533,174,125,39,1,9,61,40,0.326,0.454,0.382,0.836,0.28,0.389,0.341,0.109,86.9,12.8,3000000
"Melendez Jr., MJ",669004,2023,24,533,125,75,29,5,16,170,62,0.235,0.398,0.316,0.714,0.235,0.432,0.318,0.197,93.2,16.9,726500
"Melendez Jr., MJ",669004,2022,23,460,100,58,21,3,18,131,66,0.217,0.393,0.313,0.706,0.237,0.41,0.334,0.173,90.7,15.1,700000
"Meneses, Joey",608841,2023,31,611,168,118,36,1,13,130,38,0.275,0.401,0.321,0.722,0.247,0.361,0.295,0.115,89.4,9.4,723300
"Merrifield, Whit",593160,2023,34,547,149,111,27,0,11,101,36,0.272,0.382,0.318,0.7,0.242,0.335,0.291,0.093,85.1,14.4,6750000
"Merrifield, Whit",593160,2022,33,504,126,86,28,1,11,85,38,0.25,0.375,0.298,0.673,0.24,0.356,0.292,0.116,87.1,15.1,7000000
"Mountcastle, Ryan",663624,2022,25,555,139,88,28,1,22,154,43,0.25,0.423,0.305,0.728,0.277,0.509,0.332,0.232,91.3,15.9,711000
"Mullins II, Cedric",656775,2022,27,608,157,105,32,4,16,126,47,0.258,0.403,0.318,0.721,0.232,0.349,0.297,0.117,88.8,17.4,716500
"Muncy, Max",571970,2023,32,482,102,48,17,1,36,153,85,0.212,0.475,0.333,0.808,0.235,0.504,0.353,0.269,91.2,21.7,13500000
"Muncy, Max",571970,2022,31,464,91,47,22,1,21,141,90,0.196,0.384,0.329,0.713,0.208,0.417,0.342,0.209,90.3,20.9,13000000
"Murphy, Sean",669221,2022,27,537,134,77,37,2,18,124,56,0.25,0.426,0.332,0.758,0.255,0.439,0.34,0.184,88.7,11.5,725000
"Nimmo, Brandon",607043,2023,30,592,162,102,30,6,24,146,74,0.274,0.466,0.363,0.829,0.261,0.453,0.353,0.193,91.8,12.2,18500000
"Nimmo, Brandon",607043,2022,29,580,159,106,30,7,16,116,71,0.274,0.433,0.367,0.8,0.256,0.403,0.353,0.147,89.4,6.1,7000000
"Nootbaar, Lars",663457,2023,25,426,111,73,23,1,14,99,72,0.261,0.418,0.367,0.785,0.265,0.436,0.372,0.171,89.1,7.2,732400
"Ohtani, Shohei",660271,2023,28,497,151,73,26,8,44,143,91,0.304,0.654,0.412,1.066,0.295,0.638,0.406,0.343,94.4,13.2,30000000
"Ohtani, Shohei",660271,2022,27,586,160,90,30,6,34,161,72,0.273,0.519,0.356,0.875,0.275,0.549,0.358,0.274,92.9,12.1,5500000
"Olson, Matt",621566,2023,29,608,172,88,27,3,54,167,104,0.283,0.604,0.389,0.993,0.264,0.558,0.374,0.294,93.7,16.1,21000000
"Olson, Matt",621566,2022,28,616,148,70,44,0,34,170,75,0.24,0.477,0.325,0.802,0.248,0.467,0.334,0.219,92.9,16.1,15000000
"Outman, James",681546,2023,26,483,120,78,16,3,23,181,68,0.248,0.437,0.353,0.79,0.228,0.396,0.336,0.167,87.9,15.7,722500
"Ozuna, Marcell",542303,2023,32,530,145,75,29,1,40,134,57,0.274,0.558,0.346,0.904,0.283,0.581,0.356,0.298,91.8,15.6,16000000
"Ozuna, Marcell",542303,2022,31,470,106,64,19,0,23,122,31,0.226,0.413,0.274,0.687,0.256,0.478,0.303,0.222,89.4,16.5,16000000
"Paredes, Isaac",670623,2023,24,492,123,68,24,0,31,104,58,0.25,0.488,0.352,0.84,0.23,0.369,0.335,0.139,86.9,22.2,735000
"Peña, Jeremy",665161,2023,25,577,152,107,32,3,10,129,43,0.263,0.381,0.324,0.705,0.259,0.37,0.321,0.11,88,5.5,754900
"Peña, Jeremy",665161,2022,24,521,132,88,20,2,22,135,22,0.253,0.426,0.289,0.715,0.248,0.397,0.285,0.149,88.1,8.7,700000
"Perez, Salvador",521692,2023,33,538,137,93,21,0,23,135,19,0.255,0.422,0.292,0.714,0.268,0.463,0.309,0.194,90.1,15.6,20000000
"Pham, Tommy",502054,2022,34,554,131,90,23,1,17,167,56,0.236,0.374,0.312,0.686,0.238,0.383,0.315,0.145,92.2,7.7,6000000
"Pollock, AJ",572041,2022,34,489,120,79,26,1,14,98,32,0.245,0.389,0.292,0.681,0.258,0.419,0.305,0.161,88.8,11.6,14500000
"Profar, Jurickson",595777,2023,30,459,111,73,27,2,9,90,50,0.242,0.368,0.321,0.689,0.247,0.349,0.329,0.102,86.5,14.8,720000
"Profar, Jurickson",595777,2022,29,575,140,87,36,2,15,103,73,0.243,0.391,0.331,0.722,0.251,0.359,0.34,0.108,87.5,12.9,7333333
"Raleigh, Cal",663728,2023,26,513,119,65,23,1,30,158,54,0.232,0.456,0.306,0.762,0.233,0.466,0.307,0.233,89.5,20.3,758300
"Ramírez, José",608070,2023,30,611,172,107,36,5,24,73,73,0.282,0.475,0.356,0.831,0.299,0.48,0.373,0.182,90,18,14000000
"Ramírez, José",608070,2022,29,601,168,90,44,5,29,82,69,0.28,0.514,0.355,0.869,0.255,0.408,0.337,0.153,87.7,20.7,22000000
"Realmuto, J.T.",592663,2023,32,489,123,70,28,5,20,138,35,0.252,0.452,0.31,0.762,0.254,0.462,0.315,0.208,89.8,16.7,23875000
"Realmuto, J.T.",592663,2022,31,504,139,86,26,5,22,119,41,0.276,0.478,0.342,0.82,0.275,0.463,0.342,0.188,90.3,13.1,23875000
"Renfroe, Hunter",592669,2023,31,498,116,65,31,0,20,125,44,0.233,0.416,0.297,0.713,0.225,0.366,0.291,0.141,88.3,15,0
"Renfroe, Hunter",592669,2022,30,474,121,68,23,1,29,121,39,0.255,0.492,0.315,0.807,0.24,0.438,0.303,0.199,90.5,17.7,7650000
"Rengifo, Luis",650859,2022,25,489,129,86,22,4,17,79,17,0.264,0.429,0.294,0.723,0.254,0.392,0.285,0.138,86.9,9.9,700000
"Reynolds, Bryan",668804,2023,28,574,151,91,31,5,24,138,53,0.263,0.46,0.33,0.79,0.28,0.49,0.346,0.211,90.9,10.9,7000000
"Reynolds, Bryan",668804,2022,27,542,142,92,19,4,27,141,56,0.262,0.461,0.345,0.806,0.249,0.416,0.334,0.167,90.2,12,6750000
"Riley, Austin",663586,2023,26,636,179,107,32,3,37,172,59,0.281,0.516,0.345,0.861,0.273,0.516,0.342,0.243,92.3,13.5,15000000
"Riley, Austin",663586,2022,25,615,168,89,39,2,38,168,57,0.273,0.528,0.349,0.877,0.271,0.531,0.348,0.26,92.5,12.9,3950000
"Rizzo, Anthony",519203,2022,32,465,104,50,21,1,32,101,58,0.224,0.48,0.338,0.818,0.239,0.454,0.35,0.215,89.4,19.3,16000000
"Robert Jr., Luis",673357,2023,25,546,144,69,36,1,38,172,30,0.264,0.542,0.315,0.857,0.259,0.515,0.312,0.255,89.1,16.1,9500000
"Rodgers, Brendan",663898,2022,25,527,140,94,30,3,13,101,46,0.266,0.408,0.325,0.733,0.265,0.404,0.33,0.139,90,4.6,710000
"Rodríguez, Julio",677594,2023,22,654,180,109,37,2,32,175,47,0.275,0.485,0.333,0.818,0.274,0.475,0.332,0.201,92.7,8.5,5937500
"Rodríguez, Julio",677594,2022,21,511,145,89,25,3,28,145,40,0.284,0.509,0.345,0.854,0.254,0.46,0.319,0.206,92,10.1,2612500
"Rojas, Josh",668942,2022,28,443,119,84,25,1,9,98,55,0.269,0.391,0.349,0.74,0.239,0.361,0.324,0.123,88.8,11.9,730900
"Rojas, Miguel",500743,2022,33,471,111,84,19,2,6,61,26,0.236,0.323,0.283,0.606,0.264,0.347,0.31,0.083,86.1,10.1,5500000
"Rooker Jr., Brent",667670,2023,28,463,114,63,20,1,30,172,49,0.246,0.488,0.329,0.817,0.237,0.478,0.322,0.241,91.6,17.6,725000
"Rosario, Amed",642708,2023,27,510,134,95,25,8,6,99,29,0.263,0.378,0.305,0.683,0.271,0.38,0.314,0.109,88.3,7.6,7800000
"Rosario, Amed",642708,2022,26,637,180,134,26,9,11,111,25,0.283,0.403,0.312,0.715,0.276,0.396,0.308,0.12,88.4,5,4950000
"Rosario, Eddie",592696,2023,31,478,122,74,24,3,21,122,34,0.255,0.45,0.305,0.755,0.254,0.436,0.304,0.181,88.6,14.5,9000000
"Ruiz, Keibert",660688,2023,24,523,136,94,24,0,18,58,31,0.26,0.409,0.308,0.717,0.274,0.425,0.321,0.15,87.4,15.3,1375000
"Rutschman, Adley",668939,2023,25,588,163,111,31,1,20,101,92,0.277,0.435,0.374,0.809,0.292,0.469,0.389,0.177,88.4,12.6,733900
"Santana, Carlos",467793,2023,37,550,132,75,33,1,23,104,65,0.24,0.429,0.318,0.747,0.24,0.378,0.319,0.138,88.8,12.8,6725000
"Santana, Carlos",467793,2022,36,431,87,50,18,0,19,88,71,0.202,0.376,0.316,0.692,0.253,0.438,0.361,0.185,90.7,15.4,11175000
"Santander, Anthony",623993,2023,28,591,152,82,41,1,28,152,55,0.257,0.472,0.325,0.797,0.237,0.426,0.309,0.189,90.6,20.2,7400000
"Santander, Anthony",623993,2022,27,574,138,81,24,0,33,122,55,0.24,0.455,0.318,0.773,0.257,0.471,0.335,0.214,90.1,21.4,3150000
"Schoop, Jonathan",570731,2022,30,481,97,62,23,1,11,107,19,0.202,0.322,0.239,0.561,0.228,0.338,0.267,0.111,87,9.7,7500000
"Schwarber, Kyle",656941,2023,30,585,115,48,19,1,47,215,126,0.197,0.474,0.343,0.817,0.22,0.485,0.362,0.266,92.4,19,20000000
"Schwarber, Kyle",656941,2022,29,577,126,56,21,3,46,200,86,0.218,0.504,0.323,0.827,0.237,0.535,0.341,0.298,93.3,19.2,19000000
"Seager, Corey",608369,2023,29,477,156,81,42,0,33,88,49,0.327,0.623,0.39,1.013,0.314,0.612,0.381,0.298,93.3,13,35500000
"Seager, Corey",608369,2022,28,593,145,87,24,1,33,103,58,0.245,0.455,0.317,0.772,0.283,0.51,0.354,0.226,91.1,13.6,33000000
"Semien, Marcus",543760,2023,32,670,185,112,40,4,29,110,72,0.276,0.478,0.348,0.826,0.262,0.427,0.337,0.165,88.4,19.1,26000000
"Semien, Marcus",543760,2022,31,657,163,101,31,5,26,120,53,0.248,0.429,0.304,0.733,0.243,0.394,0.301,0.151,87.3,19.9,25000000
"Smith, Dominic",642086,2023,28,527,134,100,21,1,12,91,47,0.254,0.366,0.326,0.692,0.256,0.397,0.329,0.141,86.3,12.8,2000000
"Smith, Will",669257,2023,28,464,121,79,21,2,19,89,63,0.261,0.438,0.359,0.797,0.262,0.435,0.365,0.174,89.3,15.6,5250000
"Smith, Will",669257,2022,27,508,132,79,26,3,24,96,56,0.26,0.465,0.343,0.808,0.257,0.473,0.341,0.216,89.9,18.4,730000
"Soler, Jorge",624585,2023,31,504,126,66,24,0,36,141,66,0.25,0.512,0.341,0.853,0.262,0.532,0.354,0.27,91.3,17.8,19000000
"Soto, Juan",665742,2023,24,568,156,88,32,1,35,129,132,0.275,0.519,0.41,0.929,0.284,0.538,0.42,0.254,93.2,6.7,23000000
"Soto, Juan",665742,2022,23,524,127,73,25,2,27,96,135,0.242,0.452,0.401,0.853,0.266,0.501,0.42,0.235,91,9.1,17100000
"Springer III, George",543807,2023,33,613,158,111,25,1,21,125,60,0.258,0.405,0.327,0.732,0.264,0.422,0.335,0.158,88.3,12,24166666
"Springer III, George",543807,2022,32,513,137,86,22,4,25,100,54,0.267,0.472,0.342,0.814,0.265,0.437,0.342,0.172,88.7,13.9,29666666
"Steer, Spencer",668715,2023,25,582,158,95,37,3,23,139,68,0.271,0.464,0.356,0.82,0.252,0.417,0.341,0.165,88.7,15.3,720000
"Stephenson, Tyler",663886,2023,26,465,113,78,20,2,13,135,47,0.243,0.378,0.317,0.695,0.243,0.397,0.318,0.154,89.4,8.9,740000
"Stott, Bryson",681082,2023,25,585,164,115,32,2,15,100,39,0.28,0.419,0.329,0.748,0.267,0.386,0.319,0.119,88.1,10.1,734500
"Straw, Myles",664702,2023,28,462,110,88,18,3,1,97,42,0.238,0.297,0.301,0.598,0.239,0.3,0.303,0.061,86.3,9.4,2900000
"Straw, Myles",664702,2022,27,535,118,93,22,3,0,87,54,0.221,0.273,0.291,0.564,0.236,0.301,0.306,0.065,87,9.8,1650000
"Suárez, Eugenio",553993,2023,31,598,139,88,29,0,22,214,70,0.232,0.391,0.323,0.714,0.223,0.419,0.318,0.196,90.3,18.9,11285714
"Suárez, Eugenio",553993,2022,30,543,128,71,24,2,31,196,73,0.236,0.459,0.332,0.791,0.22,0.454,0.321,0.234,89.8,19.9,11285714
"Suwinski, Jack",669261,2023,24,447,100,51,21,2,26,172,75,0.224,0.454,0.339,0.793,0.218,0.461,0.337,0.244,90.5,22.4,725000
"Suzuki, Seiya",673548,2023,28,515,147,90,31,6,20,130,59,0.285,0.485,0.357,0.842,0.283,0.469,0.358,0.187,91.4,10.8,18000000
"Swanson, Dansby",621020,2023,29,565,138,88,25,3,22,154,66,0.244,0.416,0.328,0.744,0.255,0.458,0.338,0.203,89.3,13,14000000
"Swanson, Dansby",621020,2022,28,640,177,119,32,1,25,182,49,0.277,0.447,0.329,0.776,0.257,0.461,0.314,0.204,90.2,15.7,10000000
"Tatis Jr., Fernando",665487,2023,24,575,148,89,33,1,25,141,53,0.257,0.449,0.322,0.771,0.281,0.508,0.344,0.227,91.9,11,7714286
"Taveras, Leody",665750,2023,24,511,136,88,31,3,14,117,35,0.266,0.421,0.312,0.733,0.27,0.407,0.32,0.136,90.1,10.2,733445
"Tellez, Rowdy",642133,2022,27,529,116,58,23,0,35,121,62,0.219,0.461,0.306,0.767,0.252,0.479,0.337,0.226,91.1,15.3,1940000
"Thomas, Lane",657041,2023,27,628,168,101,36,3,28,176,36,0.268,0.468,0.315,0.783,0.255,0.436,0.305,0.182,88.5,10.8,2200000
"Thomas, Lane",657041,2022,26,498,120,75,26,2,17,132,41,0.241,0.404,0.301,0.705,0.222,0.357,0.286,0.135,86.4,12.5,723600
"Torkelson, Spencer",679529,2023,23,606,141,75,34,1,31,171,67,0.233,0.446,0.313,0.759,0.253,0.487,0.333,0.234,91.8,17.1,723100
"Torres, Gleyber",650402,2023,26,596,163,108,28,2,25,98,67,0.273,0.453,0.347,0.8,0.282,0.478,0.357,0.196,89.7,15.1,9950000
"Torres, Gleyber",650402,2022,25,526,135,82,28,1,24,129,39,0.257,0.451,0.31,0.761,0.244,0.441,0.298,0.198,90.4,17.5,6250000
"Tovar, Ezequiel",678662,2023,21,581,147,91,37,4,15,166,25,0.253,0.408,0.287,0.695,0.248,0.386,0.283,0.138,88,12.6,722000
"Tucker, Kyle",663656,2023,26,574,163,92,37,5,29,92,80,0.284,0.517,0.369,0.886,0.292,0.53,0.38,0.239,90.2,14.8,5000000
"Tucker, Kyle",663656,2022,25,544,140,81,28,1,30,95,59,0.257,0.478,0.33,0.808,0.262,0.482,0.336,0.22,90,19,764200
"Turner, Justin",457759,2023,38,558,154,100,31,0,23,110,51,0.276,0.455,0.345,0.8,0.26,0.444,0.331,0.184,89.5,16.5,9300000
"Turner, Justin",457759,2022,37,468,130,81,36,0,13,89,50,0.278,0.438,0.35,0.788,0.267,0.427,0.343,0.16,89.5,18.4,20000000
"Turner, Trea",607208,2023,30,639,170,104,35,5,26,150,45,0.266,0.459,0.32,0.779,0.266,0.447,0.32,0.181,89.9,13,27272727
"Turner, Trea",607208,2022,29,652,194,130,39,4,21,131,45,0.298,0.466,0.343,0.809,0.276,0.432,0.327,0.156,88.9,10.2,21000000
"Urshela, Gio",570482,2022,30,501,143,100,27,3,13,96,41,0.285,0.429,0.338,0.767,0.268,0.416,0.324,0.148,88.9,11.8,6550000
"Varsho, Daulton",662139,2023,26,527,116,70,23,3,20,135,45,0.22,0.389,0.285,0.674,0.232,0.394,0.298,0.161,87.8,20.5,3050000
"Varsho, Daulton",662139,2022,25,531,125,72,23,3,27,145,46,0.235,0.443,0.302,0.745,0.213,0.389,0.285,0.175,87.7,14.9,721700
"Vaughn, Andrew",683734,2023,25,566,146,93,30,2,21,129,36,0.258,0.429,0.314,0.743,0.252,0.427,0.309,0.176,90.6,11.2,760000
"Vaughn, Andrew",683734,2022,24,510,138,92,28,1,17,96,31,0.271,0.429,0.321,0.75,0.255,0.415,0.311,0.16,90.8,7.5,715000
"Verdugo, Alex",657077,2023,27,546,144,89,37,5,13,93,45,0.264,0.421,0.324,0.745,0.278,0.417,0.34,0.139,89.2,8.8,6300000
"Verdugo, Alex",657077,2022,26,593,166,115,39,1,11,86,42,0.28,0.405,0.328,0.733,0.278,0.428,0.327,0.151,89.1,8.4,3550000
"Vierling, Matt",663837,2023,26,479,125,89,21,5,10,112,44,0.261,0.388,0.329,0.717,0.266,0.396,0.335,0.13,89.1,9.1,727100
"Voit III, Luke",572228,2022,31,500,113,69,22,0,22,179,55,0.226,0.402,0.308,0.71,0.222,0.434,0.306,0.212,89.8,18.4,5450000
"Volpe, Anthony",683011,2023,22,541,113,65,23,4,21,167,52,0.209,0.383,0.283,0.666,0.23,0.392,0.303,0.162,88.7,14.2,720000
"Wade Jr., LaMonte",664774,2023,29,429,110,77,14,2,17,95,76,0.256,0.417,0.373,0.79,0.265,0.454,0.38,0.189,88.4,17.4,1375000
"Walker, Christian",572233,2023,32,582,150,79,36,2,33,127,62,0.258,0.497,0.333,0.83,0.251,0.46,0.329,0.21,88,15.8,6500000
"Walker, Christian",572233,2022,31,583,141,78,25,2,36,131,69,0.242,0.477,0.327,0.804,0.257,0.484,0.343,0.227,90,17,2600000
"Ward, Taylor",621493,2022,28,495,139,92,22,2,23,120,60,0.281,0.473,0.36,0.833,0.268,0.474,0.352,0.206,90,15.8,720000
"Winker, Jesse",608385,2022,28,456,100,71,15,0,14,103,84,0.219,0.344,0.344,0.688,0.249,0.403,0.369,0.154,87.7,16.8,6250000
"Wisdom, Patrick",621550,2022,30,469,97,44,28,0,25,183,53,0.207,0.426,0.298,0.724,0.188,0.38,0.284,0.191,90.7,21,730000
"Witt Jr., Bobby",677951,2023,23,641,177,108,28,11,30,121,40,0.276,0.495,0.319,0.814,0.294,0.533,0.338,0.239,90.7,15.7,745750
"Witt Jr., Bobby",677951,2022,22,591,150,93,31,6,20,135,30,0.254,0.428,0.294,0.722,0.252,0.427,0.294,0.174,89.7,16.8,700000
"Yastrzemski, Mike",573262,2022,31,485,104,54,31,2,17,141,61,0.214,0.392,0.305,0.697,0.22,0.392,0.313,0.172,89.9,19.9,3700000
"Yelich, Christian",592885,2023,31,550,153,99,34,1,19,140,78,0.278,0.447,0.37,0.817,0.284,0.46,0.376,0.176,91.7,3.5,26000000
"Yelich, Christian",592885,2022,30,575,145,102,25,4,14,162,88,0.252,0.383,0.355,0.738,0.258,0.404,0.36,0.146,91.5,3.6,26000000
"Yoshida, Masataka",807799,2023,29,537,155,104,33,3,15,81,34,0.289,0.445,0.338,0.783,0.273,0.425,0.324,0.153,89,3.9,15600000
"Alcantara, Sandy",645261,2022,26,820,174,120,32,6,16,207,50,0.212,0.324,0.263,0.587,0.215,0.331,0.267,0.116,87.8,5.5,3800000
"Alcantara, Sandy",645261,2023,27,700,176,123,30,1,22,151,48,0.251,0.391,0.302,0.693,0.265,0.417,0.317,0.153,88.8,7,6300000
"Allen, Logan",671106,2023,24,483,127,83,28,0,16,119,48,0.263,0.42,0.33,0.75,0.257,0.413,0.325,0.156,88.9,12.6,720000
"Anderson, Tyler",542881,2022,32,657,145,94,31,6,14,138,34,0.221,0.35,0.267,0.617,0.225,0.349,0.272,0.124,85,16.9,8500000
"Anderson, Tyler",542881,2023,33,549,146,84,40,2,20,119,64,0.266,0.455,0.346,0.801,0.259,0.434,0.343,0.175,87,19.1,13000000
"Ashcraft, Graham",668933,2023,25,558,148,98,23,4,23,111,52,0.265,0.444,0.338,0.782,0.272,0.429,0.345,0.157,88.4,8.1,722500
"Bassitt, Chris",605135,2022,33,680,159,113,26,1,19,167,49,0.234,0.359,0.297,0.656,0.227,0.359,0.291,0.132,85.7,10.8,8650000
"Bassitt, Chris",605135,2023,34,749,176,108,38,2,28,186,59,0.235,0.403,0.299,0.702,0.241,0.405,0.306,0.164,87.5,13.2,19000000
"Bello, Brayan",678394,2023,24,611,165,103,36,2,24,132,45,0.27,0.453,0.324,0.777,0.253,0.411,0.31,0.158,89.5,4.9,729500
"Berríos, José",621244,2022,28,692,199,135,34,1,29,149,45,0.288,0.465,0.34,0.805,0.275,0.466,0.329,0.191,90,13.9,10714285
"Berríos, José",621244,2023,29,717,173,113,33,2,25,184,52,0.241,0.397,0.3,0.697,0.261,0.437,0.318,0.176,88.2,11.8,15714285
"Bibee, Tanner",676440,2023,24,530,122,83,26,0,13,141,45,0.23,0.353,0.295,0.648,0.235,0.376,0.3,0.14,88.9,16.6,720000
"Bieber, Shane",669456,2022,27,747,172,123,29,2,18,198,36,0.23,0.347,0.266,0.613,0.245,0.386,0.281,0.141,89.9,10,6000000
"Bieber, Shane",669456,2023,28,490,124,79,29,2,14,107,34,0.253,0.406,0.303,0.709,0.284,0.446,0.332,0.163,91.6,9.5,10010000
"Bradish, Kyle",680694,2022,25,449,119,84,18,0,17,111,46,0.265,0.419,0.34,0.759,0.253,0.404,0.331,0.15,89.9,8.7,7000000
"Bradish, Kyle",680694,2023,26,615,132,90,27,1,14,168,44,0.215,0.33,0.275,0.605,0.239,0.388,0.298,0.15,90,6.6,728100
"Brown, Hunter",686613,2023,24,599,157,95,34,2,26,178,55,0.262,0.456,0.332,0.788,0.24,0.414,0.314,0.174,90.8,6.9,725000
"Brubaker, JT",664141,2022,28,580,157,99,39,2,17,147,54,0.271,0.433,0.341,0.774,0.257,0.413,0.33,0.157,89.6,10.8,725000
"Bubic, Kris",663460,2022,24,510,156,107,30,1,18,110,63,0.306,0.475,0.381,0.856,0.286,0.455,0.367,0.169,90,10.7,713750
"Bumgarner, Madison",518516,2022,32,637,179,101,50,3,25,112,49,0.281,0.487,0.34,0.827,0.276,0.488,0.337,0.211,90.3,16.8,23000000
"Bundy, Dylan",605164,2022,29,558,151,96,29,2,24,94,28,0.271,0.459,0.306,0.765,0.263,0.44,0.3,0.177,88.9,18.6,4000000
"Burnes, Corbin",669203,2022,27,731,144,91,24,6,23,243,51,0.197,0.341,0.261,0.602,0.212,0.336,0.275,0.124,87.2,10,6500000
"Burnes, Corbin",669203,2023,28,704,141,99,19,1,22,200,66,0.2,0.324,0.274,0.598,0.224,0.342,0.298,0.118,86.4,10.5,10010000
"Canning, Griffin",656288,2023,27,493,121,77,19,3,22,139,36,0.245,0.43,0.303,0.733,0.236,0.421,0.296,0.185,91,12.8,850000
"Carrasco, Carlos",471911,2022,35,593,161,105,38,1,17,152,41,0.272,0.425,0.326,0.751,0.253,0.405,0.31,0.152,88.4,9.7,12000000
"Castillo, Luis",622491,2022,29,557,118,77,28,0,13,167,45,0.212,0.332,0.279,0.611,0.223,0.344,0.291,0.12,89,10.4,7350000
"Castillo, Luis",622491,2023,30,735,160,91,36,5,28,219,56,0.218,0.395,0.276,0.671,0.23,0.408,0.288,0.179,90,15.9,11425000
"Cease, Dylan",656302,2022,26,663,126,83,25,2,16,227,78,0.19,0.306,0.278,0.584,0.184,0.292,0.273,0.109,86.8,15,750000
"Cease, Dylan",656302,2023,27,689,172,112,32,9,19,214,79,0.25,0.405,0.332,0.737,0.241,0.381,0.327,0.14,90,15.4,5700000
"Civale, Aaron",650644,2023,28,463,109,75,21,1,12,116,33,0.235,0.363,0.293,0.656,0.243,0.38,0.3,0.136,89,16,2600000
"Clevinger, Mike",605182,2023,32,496,121,75,27,3,16,110,40,0.244,0.407,0.31,0.717,0.239,0.403,0.307,0.164,88.1,21.4,8000000
"Cobb, Alex",502171,2022,34,580,152,119,24,0,9,151,43,0.262,0.35,0.315,0.665,0.235,0.329,0.291,0.094,89.2,1.8,9000000
"Cobb, Alex",502171,2023,35,600,163,107,33,4,19,131,37,0.272,0.435,0.319,0.754,0.278,0.444,0.326,0.167,89.8,1.3,9000000
"Cole, Gerrit",543037,2022,31,738,154,88,31,2,33,257,50,0.209,0.39,0.26,0.65,0.214,0.383,0.266,0.169,89.4,12.6,36000000
"Cole, Gerrit",543037,2023,32,761,157,110,26,1,20,222,48,0.206,0.322,0.259,0.581,0.233,0.379,0.284,0.146,89.2,14.8,36000000
"Corbin, Patrick",571578,2022,32,655,210,143,35,5,27,128,49,0.321,0.513,0.374,0.887,0.304,0.52,0.359,0.216,90.8,11.5,23416666
"Corbin, Patrick",571578,2023,33,717,210,142,34,1,33,124,57,0.293,0.481,0.344,0.825,0.303,0.518,0.356,0.214,90.7,11.7,10010000
"Cortes Jr., Nestor",641482,2022,27,572,108,69,23,0,16,163,38,0.189,0.313,0.241,0.554,0.204,0.32,0.256,0.115,87.9,19.2,727500
"Crawford, Kutter",676710,2023,27,484,107,62,26,2,17,135,36,0.221,0.388,0.281,0.669,0.208,0.374,0.269,0.166,87.8,20.4,730000
"Cueto, Johnny",456501,2022,36,604,161,107,37,2,15,102,33,0.267,0.409,0.308,0.717,0.263,0.408,0.305,0.145,87.7,13.3,4200000
"Darvish, Yu",506433,2022,35,715,148,103,23,0,22,197,37,0.207,0.331,0.256,0.587,0.226,0.388,0.275,0.161,88.5,17,20000000
"Darvish, Yu",506433,2023,36,517,134,89,25,2,18,141,42,0.259,0.42,0.321,0.741,0.242,0.375,0.308,0.133,88.4,13.7,25000000
"Davies, Zach",605200,2022,29,507,122,79,20,2,21,102,52,0.241,0.412,0.309,0.721,0.25,0.43,0.321,0.18,87.4,13,1500000
"Detmers, Reid",672282,2022,22,477,110,68,27,2,13,122,46,0.231,0.377,0.305,0.682,0.243,0.388,0.318,0.144,89.3,16.7,710000
"Detmers, Reid",672282,2023,23,569,141,93,28,1,19,168,60,0.248,0.401,0.332,0.733,0.253,0.398,0.34,0.144,89.8,15.8,740000
"Dunning, Dane",641540,2022,27,589,158,97,39,2,20,137,62,0.268,0.443,0.345,0.788,0.25,0.4,0.332,0.15,87.9,5.4,714000
"Dunning, Dane",641540,2023,28,652,163,113,27,3,20,140,55,0.25,0.393,0.316,0.709,0.261,0.415,0.327,0.153,88.8,10.8,742840
"Eflin, Zach",621107,2023,29,671,158,104,31,4,19,186,24,0.235,0.379,0.264,0.643,0.222,0.378,0.252,0.157,87.5,9.1,11000000
"Elder, Bryce",693821,2023,24,654,160,106,32,3,19,128,63,0.245,0.39,0.316,0.706,0.264,0.416,0.335,0.153,89.9,8.5,720000
"Eovaldi, Nathan",543135,2023,33,521,117,70,27,5,15,132,47,0.225,0.382,0.295,0.677,0.238,0.397,0.307,0.159,88.9,6.4,18600000
"Fedde, Erick",607200,2022,29,508,149,101,27,0,21,94,58,0.293,0.47,0.362,0.832,0.283,0.451,0.356,0.167,89.5,13.4,2150000
"Flaherty, Jack",656427,2023,27,565,162,106,37,2,17,148,66,0.287,0.45,0.37,0.82,0.27,0.421,0.358,0.151,87.9,11.7,5400000
"Flexen, Chris",623167,2022,27,529,132,85,27,3,17,95,51,0.25,0.408,0.315,0.723,0.256,0.43,0.324,0.174,89.1,18.4,3050000
"France, J.P.",641585,2023,28,524,138,98,20,1,19,101,47,0.263,0.414,0.322,0.736,0.267,0.454,0.328,0.187,89.6,13.1,720000
"Freeland, Kyle",607536,2022,29,687,193,119,47,8,19,131,53,0.281,0.456,0.342,0.798,0.271,0.457,0.337,0.186,89.8,12.7,7000000
"Freeland, Kyle",607536,2023,30,624,187,122,30,6,29,94,42,0.3,0.506,0.342,0.848,0.294,0.508,0.338,0.214,90.2,14.3,10500000
"Fried, Max",608331,2022,28,692,156,117,25,2,12,170,32,0.225,0.319,0.262,0.581,0.227,0.328,0.266,0.101,86.2,7.6,6850000
"Gallen, Zac",668678,2022,26,651,121,73,32,1,15,192,47,0.186,0.307,0.252,0.559,0.213,0.34,0.279,0.127,87.8,10.8,745600
"Gallen, Zac",668678,2023,27,790,188,121,42,3,22,220,47,0.238,0.382,0.284,0.666,0.254,0.427,0.3,0.173,91.5,12.3,5600000
"Garcia, Luis",677651,2022,25,589,131,77,27,4,23,157,47,0.222,0.399,0.279,0.678,0.228,0.384,0.285,0.156,88.4,17.1,1251500
"Garrett, Braxton",666129,2023,25,617,154,93,37,4,20,156,29,0.25,0.42,0.294,0.714,0.275,0.441,0.318,0.167,90.2,7.4,732000
"Gausman, Kevin",592332,2022,31,690,188,134,35,4,15,205,28,0.272,0.4,0.3,0.7,0.242,0.38,0.272,0.138,89,12.2,21000000
"Gausman, Kevin",592332,2023,32,700,163,100,43,1,19,237,55,0.233,0.379,0.291,0.67,0.235,0.402,0.294,0.167,89.4,12.3,21000000
"Gibson, Kyle",502043,2022,34,656,176,117,33,2,24,144,48,0.268,0.434,0.325,0.759,0.262,0.421,0.32,0.159,88.6,10.6,8000000
"Gibson, Kyle",502043,2023,35,732,198,127,43,5,23,157,55,0.27,0.437,0.322,0.759,0.27,0.446,0.325,0.176,89.7,8.2,10000000
"Gilbert, Logan",669302,2022,25,702,170,107,41,3,19,174,49,0.242,0.39,0.295,0.685,0.253,0.408,0.308,0.154,91,14.6,712300
"Gilbert, Logan",669302,2023,26,724,169,102,36,2,29,189,36,0.233,0.409,0.27,0.679,0.243,0.41,0.28,0.167,90.5,13.6,767300
"Giolito, Lucas",608337,2022,27,628,171,107,37,3,24,177,61,0.272,0.455,0.338,0.793,0.249,0.397,0.319,0.149,88.8,12.6,7450000
"Giolito, Lucas",608337,2023,28,705,169,87,34,7,41,204,73,0.24,0.482,0.317,0.799,0.24,0.445,0.318,0.205,89.2,18.5,10400000
"Gomber, Austin",596295,2022,28,488,137,85,27,5,20,95,34,0.281,0.48,0.328,0.808,0.267,0.44,0.316,0.173,88.1,12.4,710000
"Gomber, Austin",596295,2023,29,552,164,100,35,3,26,87,43,0.297,0.513,0.351,0.864,0.292,0.5,0.346,0.207,90.5,12.8,1650000
"Gonzales, Marco",594835,2022,30,717,194,120,44,0,30,103,50,0.271,0.457,0.322,0.779,0.266,0.435,0.32,0.169,86.7,14.5,5750000
"Gore, MacKenzie",669022,2023,24,519,134,86,19,2,27,151,57,0.258,0.459,0.33,0.789,0.261,0.472,0.334,0.212,89.9,14.5,723300
"Gray, Jon",592351,2022,30,472,105,69,17,2,17,134,39,0.222,0.375,0.288,0.663,0.23,0.367,0.296,0.137,88,11.1,15000000
"Gray, Jon",592351,2023,31,582,149,110,16,1,22,142,54,0.256,0.4,0.325,0.725,0.26,0.415,0.33,0.155,89.4,13.4,15000000
"Gray, Josiah",680686,2022,24,569,136,74,20,4,38,154,66,0.239,0.489,0.324,0.813,0.219,0.419,0.308,0.2,87.4,19.7,703500
"Gray, Josiah",680686,2023,25,605,152,100,29,1,22,143,80,0.251,0.412,0.345,0.757,0.254,0.433,0.349,0.179,87.6,16.8,730000
"Gray, Sonny",543243,2023,33,689,156,111,34,3,8,183,55,0.226,0.319,0.288,0.607,0.244,0.364,0.306,0.12,89.1,9.6,13300000
"Greene, Hunter",668881,2022,22,469,104,59,21,0,24,164,48,0.222,0.42,0.305,0.725,0.219,0.393,0.305,0.174,89.7,20.7,700000
"Greinke, Zack",425844,2022,38,549,157,113,30,0,14,73,27,0.286,0.417,0.32,0.737,0.284,0.441,0.322,0.157,88.9,12.6,13000000
"Greinke, Zack",425844,2023,39,561,158,106,25,2,25,97,23,0.282,0.467,0.312,0.779,0.29,0.479,0.322,0.189,89.6,11.9,13300000
"Heaney, Andrew",571760,2023,32,569,143,84,34,2,23,151,60,0.251,0.439,0.332,0.771,0.24,0.429,0.323,0.189,90.1,14.8,12000000
"Hendricks, Kyle",543294,2023,33,542,138,92,30,3,13,93,27,0.255,0.393,0.293,0.686,0.269,0.414,0.308,0.145,85.2,11.2,14000000
"Hill, Rich",448179,2022,42,484,125,77,27,6,15,109,37,0.258,0.432,0.316,0.748,0.24,0.411,0.3,0.171,88.2,14.9,5500000
"Hill, Rich",448179,2023,43,587,165,94,44,4,23,129,58,0.281,0.487,0.351,0.838,0.281,0.481,0.352,0.2,89.4,14.3,8000000
"Hudson, Dakota",641712,2022,27,517,141,107,24,1,9,78,61,0.273,0.375,0.356,0.731,0.276,0.409,0.361,0.133,89,6.3,0
"Irvin, Cole",608344,2022,28,693,174,113,33,3,25,128,36,0.251,0.416,0.293,0.709,0.258,0.451,0.301,0.192,89.4,15.5,705000
"Irvin, Jake",663623,2023,26,462,118,79,17,2,20,99,54,0.255,0.431,0.34,0.771,0.259,0.446,0.345,0.187,90.4,14.7,720000
"Javier, Cristian",664299,2022,25,524,89,53,18,1,17,194,52,0.17,0.305,0.252,0.557,0.168,0.286,0.25,0.118,88.4,25.4,749100
"Javier, Cristian",664299,2023,26,611,143,81,33,4,25,159,62,0.234,0.424,0.309,0.733,0.23,0.443,0.307,0.213,89.1,23.8,3400000
"Kaprielian, James",621076,2022,28,507,121,71,27,7,16,98,59,0.239,0.414,0.321,0.735,0.254,0.415,0.336,0.162,88.4,16.9,705000
"Keller, Brad",641745,2022,26,553,153,108,24,4,17,102,57,0.277,0.427,0.344,0.771,0.256,0.405,0.327,0.149,89.3,6.7,4825000
"Keller, Mitch",656605,2022,26,609,162,118,28,2,14,138,60,0.266,0.388,0.342,0.73,0.253,0.383,0.331,0.13,87.9,7.8,725000
"Keller, Mitch",656605,2023,27,752,187,122,38,2,25,210,55,0.249,0.404,0.308,0.712,0.251,0.404,0.313,0.153,87.7,10.3,2437500
"Kelly, Merrill",518876,2022,33,739,167,104,40,2,21,177,61,0.226,0.371,0.286,0.657,0.23,0.383,0.291,0.153,88.5,14,5250000
"Kelly, Merrill",518876,2023,34,645,143,90,30,3,20,187,68,0.222,0.371,0.299,0.67,0.244,0.389,0.32,0.145,89.6,11.8,8500000
"Kershaw, Clayton",477132,2023,35,479,100,62,19,0,19,137,40,0.209,0.367,0.273,0.64,0.232,0.393,0.295,0.161,89,11.8,20000000
"Kikuchi, Yusei",579328,2023,32,646,165,110,27,1,27,181,48,0.255,0.426,0.311,0.737,0.249,0.434,0.305,0.185,90.5,13.3,10000000
"Kirby, George",669923,2022,24,511,135,97,23,2,13,133,22,0.264,0.393,0.299,0.692,0.233,0.379,0.271,0.146,89.3,11.3,700000
"Kirby, George",669923,2023,25,727,179,122,28,7,22,172,19,0.246,0.395,0.27,0.665,0.262,0.425,0.286,0.163,89.2,12.4,758300
"Kluber, Corey",446372,2022,36,650,178,123,32,3,20,139,21,0.274,0.425,0.304,0.729,0.261,0.416,0.293,0.155,87.1,18.5,13000000
"Kopech, Michael",656629,2023,27,483,115,63,21,2,29,134,91,0.238,0.47,0.368,0.838,0.24,0.454,0.371,0.214,90.3,17.8,2050000
"Kremer, Dean",665152,2022,26,469,123,85,27,0,11,87,34,0.262,0.39,0.318,0.708,0.265,0.423,0.321,0.158,88.4,14.7,705000
"Kremer, Dean",665152,2023,27,673,171,117,26,1,27,157,55,0.254,0.416,0.314,0.73,0.27,0.457,0.329,0.188,89.7,12.7,731200
"Kuhl, Chad",641771,2022,29,546,155,93,31,6,25,110,58,0.284,0.5,0.355,0.855,0.272,0.466,0.345,0.194,90.5,15.8,3000000
"Lauer, Eric",641778,2022,27,592,135,84,21,3,27,157,59,0.228,0.41,0.298,0.708,0.24,0.393,0.311,0.154,88.8,17.7,2425000
"López, Pablo",641154,2022,26,671,157,91,39,6,21,174,53,0.234,0.404,0.296,0.7,0.239,0.378,0.302,0.138,87.9,11,2450000
"López, Pablo",641154,2023,27,738,176,121,26,5,24,234,48,0.238,0.385,0.292,0.677,0.217,0.34,0.272,0.124,87.1,12.6,5450000
"Lorenzen, Michael",547179,2023,31,567,138,91,26,1,20,111,47,0.243,0.399,0.302,0.701,0.259,0.442,0.316,0.183,90,13.8,9250000
"Lugo, Seth",607625,2023,33,563,140,89,29,3,19,140,36,0.249,0.412,0.296,0.708,0.26,0.444,0.308,0.184,90.7,9.9,8750000
"Luzardo, Jesús",666200,2023,25,677,162,94,43,3,22,208,55,0.239,0.409,0.301,0.71,0.235,0.41,0.298,0.176,89.5,14.5,2450000
"Lyles, Jordan",543475,2022,31,710,196,123,46,1,26,144,52,0.276,0.454,0.331,0.785,0.267,0.452,0.325,0.184,88.6,15.3,6000000
"Lyles, Jordan",543475,2023,32,689,176,87,48,2,39,120,45,0.255,0.501,0.305,0.806,0.265,0.481,0.314,0.216,89,19.8,8500000
"Lynch IV, Daniel",663738,2022,25,535,155,109,24,1,21,122,52,0.29,0.456,0.355,0.811,0.277,0.45,0.343,0.174,91.2,12.8,703600
"Lynn, Lance",458681,2022,35,481,119,80,20,0,19,124,19,0.247,0.407,0.289,0.696,0.243,0.387,0.286,0.144,88.4,14.2,18500000
"Lynn, Lance",458681,2023,36,729,189,116,26,3,44,191,67,0.259,0.484,0.328,0.812,0.252,0.461,0.322,0.209,88.7,17,18500000
"Mahle, Tyler",641816,2022,27,452,104,64,21,3,16,126,43,0.23,0.396,0.297,0.693,0.214,0.358,0.288,0.144,88.7,17.9,5200000
"Manaea, Sean",640455,2022,30,611,155,95,26,5,29,156,50,0.254,0.455,0.311,0.766,0.24,0.407,0.301,0.167,90.3,16.3,9750000
"Manoah, Alek",666201,2022,24,713,144,97,30,1,16,180,51,0.202,0.314,0.268,0.582,0.224,0.343,0.29,0.118,87.5,16.9,730000
"Marquez, German",608566,2022,27,704,185,106,44,5,30,150,63,0.263,0.467,0.324,0.791,0.256,0.424,0.321,0.167,90.5,9.1,11300000
"McClanahan, Shane",663556,2022,25,597,116,81,16,0,19,194,37,0.194,0.317,0.245,0.562,0.207,0.332,0.257,0.126,87.6,8.3,711400
"McKenzie, Triston",663474,2022,24,688,138,82,29,2,25,190,44,0.201,0.358,0.253,0.611,0.222,0.397,0.274,0.175,90.2,19.7,707100
"Megill, Tylor",656731,2023,27,500,141,98,25,0,18,105,58,0.282,0.44,0.362,0.802,0.283,0.479,0.364,0.196,89.8,11.7,750000
"Mikolas, Miles",571945,2022,33,751,170,112,31,2,25,153,39,0.226,0.373,0.267,0.64,0.252,0.4,0.294,0.148,87.8,11,16750000
"Mikolas, Miles",571945,2023,34,802,226,145,50,5,26,137,39,0.282,0.454,0.319,0.773,0.291,0.499,0.329,0.207,90.4,15,20416666
"Miller, Bobby",676272,2023,24,464,105,68,22,3,12,119,32,0.226,0.364,0.283,0.647,0.229,0.355,0.29,0.126,88.3,10.3,720000
"Miller, Bryce",682243,2023,24,501,124,70,36,0,18,119,26,0.248,0.427,0.293,0.72,0.27,0.468,0.315,0.198,90.7,17.8,720000
"Montas, Frankie",593423,2022,29,550,137,90,28,1,18,142,43,0.249,0.402,0.308,0.71,0.242,0.396,0.305,0.155,87.6,11.2,5025000
"Montgomery, Jordan",656756,2022,29,677,159,102,34,2,21,158,36,0.235,0.384,0.281,0.665,0.258,0.4,0.303,0.143,88.5,9.8,6000000
"Montgomery, Jordan",656756,2023,30,718,177,111,45,3,18,166,48,0.247,0.393,0.295,0.688,0.253,0.408,0.303,0.155,88.3,12,10000000
"Morton, Charlie",450203,2022,38,640,149,93,26,2,28,205,63,0.233,0.411,0.316,0.727,0.228,0.389,0.314,0.161,89.3,13.6,20000000
"Morton, Charlie",450203,2023,39,615,150,103,30,3,14,183,83,0.244,0.371,0.344,0.715,0.248,0.399,0.348,0.151,88.9,9.9,20000000
"Musgrove, Joe",605397,2022,29,679,154,94,36,2,22,184,42,0.227,0.383,0.284,0.667,0.225,0.35,0.284,0.126,86.4,11.7,8625000
"Nelson, Ryne",669194,2023,25,559,159,88,37,10,24,96,46,0.284,0.515,0.334,0.849,0.269,0.488,0.325,0.22,90.8,16.2,722700
"Nola, Aaron",605400,2022,29,766,168,109,39,1,19,235,29,0.219,0.347,0.256,0.603,0.211,0.34,0.248,0.129,87.7,12.5,15500000
"Nola, Aaron",605400,2023,30,741,178,108,35,3,32,202,45,0.24,0.425,0.283,0.708,0.24,0.407,0.284,0.167,89.3,12.7,16000000
"Ober, Bailey",641927,2023,27,539,125,78,24,1,22,146,29,0.232,0.403,0.279,0.682,0.226,0.412,0.274,0.186,88.2,20,720000
"Ohtani, Shohei",660271,2022,27,610,124,85,23,2,14,219,44,0.203,0.316,0.258,0.574,0.204,0.311,0.26,0.107,87.1,14.5,5500000
"Ohtani, Shohei",660271,2023,28,463,85,52,15,0,18,167,55,0.184,0.333,0.285,0.618,0.206,0.377,0.305,0.171,86.4,11.5,30000000
"Otto Jr., Glenn",657248,2022,26,505,119,79,17,2,21,107,62,0.236,0.402,0.332,0.734,0.247,0.424,0.345,0.177,89,13.2,700000
"Oviedo, Johan",670912,2023,25,678,161,96,41,5,19,158,83,0.237,0.397,0.33,0.727,0.249,0.402,0.342,0.154,88.6,11.9,735000
"Peralta, Freddy",642547,2023,27,617,131,75,30,0,26,210,54,0.212,0.387,0.282,0.669,0.214,0.361,0.284,0.146,87.6,14.6,3734960
"Perez, Martin",527048,2022,31,738,178,130,37,0,11,169,69,0.241,0.336,0.31,0.646,0.242,0.347,0.311,0.105,88.2,8.1,4000000
"Perez, Martin",527048,2023,32,547,150,103,24,2,21,93,49,0.274,0.441,0.336,0.777,0.272,0.447,0.334,0.175,89,10.9,19650000
"Pivetta, Nick",601713,2022,29,691,175,111,36,1,27,175,73,0.253,0.425,0.327,0.752,0.248,0.433,0.324,0.185,90.7,15.2,2650000
"Pivetta, Nick",601713,2023,30,528,110,55,31,1,23,183,50,0.208,0.402,0.283,0.685,0.223,0.414,0.297,0.192,90.5,13.4,5350000
"Plesac, Zach",668676,2022,27,524,136,87,30,0,19,100,38,0.26,0.426,0.315,0.741,0.278,0.474,0.333,0.196,89.5,13,2000000
"Quantrill, Cal",615698,2022,27,702,178,126,30,1,21,128,47,0.254,0.389,0.307,0.696,0.258,0.417,0.313,0.159,87.6,13.8,2510000
"Quintana, Jose",500779,2022,33,626,154,110,35,1,8,137,47,0.246,0.343,0.301,0.644,0.257,0.377,0.312,0.12,86.5,9.9,2000000
"Rasmussen, Drew",656876,2022,26,545,121,82,23,3,13,125,31,0.222,0.347,0.267,0.614,0.238,0.375,0.283,0.137,88.9,10.1,711800
"Ray, Robbie",592662,2022,30,705,163,97,29,5,32,212,62,0.231,0.423,0.299,0.722,0.223,0.373,0.292,0.15,89.7,14.7,21000000
"Rea, Colin",607067,2023,32,468,110,66,18,3,23,110,38,0.235,0.434,0.296,0.73,0.253,0.432,0.314,0.179,90.4,13,750000
"Rodón, Carlos",607074,2022,29,649,131,87,31,1,12,237,52,0.202,0.308,0.263,0.571,0.198,0.309,0.259,0.111,89,19.4,21500000
"Rodriguez, Eduardo",593958,2023,30,563,128,86,25,2,15,143,48,0.227,0.359,0.289,0.648,0.247,0.397,0.311,0.15,88.6,13.8,14000000
"Rodriguez, Grayson",680570,2023,23,467,121,83,18,4,16,129,42,0.259,0.418,0.321,0.739,0.255,0.407,0.318,0.151,89.8,10.4,720000
"Ryan, Joe",657746,2022,26,546,115,65,28,2,20,151,47,0.211,0.379,0.285,0.664,0.215,0.373,0.289,0.158,88.2,24.2,701650
"Ryan, Joe",657746,2023,27,626,155,92,30,1,32,197,34,0.248,0.452,0.29,0.742,0.224,0.403,0.271,0.179,90,20.4,730250
"Sandoval, Patrick",663776,2022,25,565,139,109,19,3,8,151,60,0.246,0.333,0.322,0.655,0.245,0.359,0.323,0.114,87.3,11.4,720000
"Sandoval, Patrick",663776,2023,26,567,145,103,29,1,12,128,74,0.256,0.374,0.344,0.718,0.261,0.403,0.351,0.142,87.6,9.4,2750000
"Scherzer, Max",453286,2022,37,523,108,75,20,0,13,173,24,0.207,0.319,0.254,0.573,0.202,0.339,0.253,0.137,87.8,21.3,43333333
"Scherzer, Max",453286,2023,38,570,126,76,22,0,28,174,45,0.221,0.407,0.282,0.689,0.207,0.375,0.269,0.168,88.5,20.2,43333333
"Schmidt, Clarke",657376,2023,27,630,169,103,41,1,24,149,46,0.268,0.451,0.326,0.777,0.256,0.418,0.316,0.162,89.2,13.8,740475
"Sears, JP",676664,2023,27,662,165,94,33,4,34,161,53,0.249,0.465,0.319,0.784,0.245,0.448,0.316,0.203,88.6,22.6,720000
"Senga, Kodai",673540,2023,30,606,126,88,21,0,17,202,77,0.208,0.327,0.301,0.628,0.225,0.365,0.316,0.14,89,12.8,15000000
"Singer, Brady",663903,2022,25,569,140,102,19,1,18,150,35,0.246,0.378,0.301,0.679,0.247,0.397,0.304,0.15,89.3,8.6,726250
"Singer, Brady",663903,2023,26,634,182,113,44,5,20,133,49,0.287,0.467,0.341,0.808,0.276,0.452,0.334,0.176,91,9,2950000
"Smyly, Drew",592767,2023,34,554,147,83,36,2,26,141,56,0.265,0.478,0.335,0.813,0.241,0.401,0.315,0.16,87.6,19.2,10000000
"Snell, Blake",605483,2022,29,476,103,67,23,2,11,171,51,0.216,0.342,0.292,0.634,0.207,0.337,0.286,0.13,90.1,17.1,13100000
"Snell, Blake",605483,2023,30,636,115,78,22,0,15,234,99,0.181,0.286,0.293,0.579,0.208,0.35,0.318,0.143,87.2,10.6,16600000
"Springs, Jeffrey",605488,2022,29,513,114,78,19,3,14,144,31,0.222,0.353,0.267,0.62,0.231,0.364,0.276,0.134,87.5,14.9,947500
"Steele, Justin",657006,2022,26,454,111,85,17,1,8,126,50,0.244,0.339,0.321,0.66,0.237,0.336,0.316,0.099,87.1,7.5,705000
"Steele, Justin",657006,2023,27,666,167,117,34,2,14,176,36,0.251,0.371,0.295,0.666,0.25,0.365,0.295,0.116,87.8,9.3,740000
"Strider, Spencer",675911,2022,23,478,86,61,17,1,7,202,45,0.18,0.264,0.254,0.518,0.179,0.279,0.254,0.1,88,14.1,710000
"Strider, Spencer",675911,2023,24,696,146,92,29,3,22,281,58,0.21,0.355,0.279,0.634,0.205,0.345,0.275,0.14,88.5,17,1000000
"Stripling, Ross",548389,2022,32,511,117,77,28,0,12,111,20,0.229,0.354,0.259,0.613,0.251,0.395,0.281,0.144,88.9,12.2,3790000
"Stroman, Marcus",573186,2022,31,525,123,81,25,1,16,119,36,0.234,0.377,0.287,0.664,0.254,0.389,0.306,0.136,89,7,25000000
"Stroman, Marcus",573186,2023,32,519,120,84,27,0,9,119,52,0.231,0.335,0.304,0.639,0.265,0.387,0.335,0.122,90.3,3,25000000
"Suárez, Ranger",624133,2022,26,598,149,93,39,2,15,129,58,0.249,0.396,0.317,0.713,0.241,0.368,0.311,0.127,87.5,5.1,730000
"Suárez, Ranger",624133,2023,27,483,129,87,26,3,13,119,48,0.267,0.414,0.333,0.747,0.262,0.403,0.33,0.141,87.8,8.1,2950000
"Syndergaard, Noah",592789,2022,29,525,138,95,24,5,14,95,31,0.263,0.408,0.307,0.715,0.265,0.42,0.312,0.156,87.1,12.3,21000000
"Taillon, Jameson",592791,2022,30,684,168,97,42,3,26,151,32,0.246,0.43,0.283,0.713,0.26,0.432,0.297,0.172,88.5,14.5,5800000
"Taillon, Jameson",592791,2023,31,604,156,100,28,1,27,140,41,0.258,0.442,0.308,0.75,0.259,0.462,0.311,0.203,88.3,16.7,14000000
"Thompson, Zach",605507,2022,28,493,138,95,23,1,19,90,46,0.28,0.446,0.344,0.79,0.281,0.442,0.346,0.161,88.3,11.3,705000
"Urias, Julio",628711,2022,25,639,127,81,20,3,23,166,41,0.199,0.347,0.251,0.598,0.205,0.332,0.258,0.128,86.7,17.2,8000000
"Urquidy, José",664353,2022,27,630,154,91,33,1,29,134,38,0.244,0.438,0.292,0.73,0.256,0.449,0.306,0.193,89.7,17.2,748700
"Valdez, Framber",664285,2022,28,745,166,129,24,2,11,194,67,0.223,0.305,0.296,0.601,0.227,0.33,0.301,0.102,89.8,-3.6,3000000
"Valdez, Framber",664285,2023,29,728,166,107,37,3,19,200,57,0.228,0.365,0.29,0.655,0.253,0.41,0.317,0.157,91.5,4.2,6800000
"Verlander, Justin",434378,2022,39,625,116,88,15,1,12,185,29,0.186,0.27,0.227,0.497,0.207,0.331,0.248,0.124,87.8,16.9,25000000
"Verlander, Justin",434378,2023,40,615,139,89,30,2,18,144,45,0.226,0.369,0.283,0.652,0.229,0.391,0.287,0.163,90,18.9,43333333
"Wacha, Michael",608379,2022,30,476,111,67,22,4,18,104,31,0.233,0.41,0.283,0.693,0.254,0.446,0.306,0.192,88.2,12.8,7000000
"Wacha, Michael",608379,2023,31,505,113,65,32,1,15,124,43,0.224,0.38,0.288,0.668,0.25,0.421,0.312,0.171,88.1,18.5,8000000
"Wainwright, Adam",425794,2022,40,736,192,138,35,3,16,143,54,0.261,0.382,0.315,0.697,0.27,0.419,0.326,0.148,87.8,11,17500000
"Waldichuk, Ken",686610,2023,25,550,149,84,39,2,24,132,71,0.271,0.48,0.36,0.84,0.242,0.42,0.337,0.178,88.3,14.5,720000
"Walker, Taijuan",592836,2022,29,596,143,100,27,1,15,132,45,0.24,0.364,0.299,0.663,0.245,0.395,0.305,0.15,89.3,11.3,7000000
"Walker, Taijuan",592836,2023,30,650,155,96,35,4,20,138,71,0.238,0.397,0.32,0.717,0.248,0.405,0.329,0.157,89.1,11.1,18000000
"Weaver, Luke",596133,2023,29,515,155,83,40,3,29,109,40,0.301,0.559,0.353,0.912,0.286,0.494,0.34,0.209,89.3,15.4,720000
"Webb, Logan",657277,2022,25,726,174,122,38,3,11,163,49,0.24,0.346,0.293,0.639,0.247,0.364,0.301,0.116,88.9,3.1,730000
"Webb, Logan",657277,2023,26,811,201,143,34,4,20,194,31,0.248,0.374,0.28,0.654,0.255,0.395,0.287,0.14,90.7,0.6,4600000
"Wheeler, Zack",554430,2022,32,565,125,83,23,6,13,163,34,0.221,0.352,0.273,0.625,0.226,0.343,0.278,0.117,85.9,11.4,26000000
"Wheeler, Zack",554430,2023,33,734,168,111,35,2,20,212,39,0.229,0.364,0.274,0.638,0.23,0.351,0.277,0.122,86.9,14.2,24500000
"Williams, Trevor",592866,2023,31,593,178,110,32,2,34,111,52,0.3,0.533,0.358,0.891,0.281,0.501,0.342,0.22,88.3,15.9,6000000
"Wilson, Bryse",669060,2022,24,460,132,82,29,1,20,79,32,0.287,0.485,0.341,0.826,0.291,0.474,0.347,0.183,90.9,11.5,715000
"Wood, Alex",622072,2022,31,504,132,94,20,1,17,131,30,0.262,0.407,0.315,0.722,0.248,0.397,0.305,0.15,88.6,8.5,13500000
"Woodruff, Brandon",605540,2022,29,568,122,74,28,2,18,190,42,0.215,0.366,0.274,0.64,0.212,0.349,0.273,0.137,88.8,16.8,6800000
"Wright, Kyle",657140,2022,26,672,156,115,21,1,19,174,53,0.232,0.351,0.296,0.647,0.244,0.384,0.308,0.139,89,4.4,720000
